{
  "threshold": 0.5,
  "threshold_metric": "f2",
  "best_val_metrics": {},
  "gamma": 1.0,
  "hybrid_metadata_enabled": true,
  "hybrid_feature_names": [
    "raw_text_prob",
    "log_char_len",
    "log_token_count",
    "avg_token_len",
    "ocr_quality",
    "digit_ratio",
    "uppercase_ratio",
    "newline_density",
    "red_flag_count",
    "suspicious_segment_count",
    "english_keyword_ratio",
    "has_related_party",
    "has_invoice_risk",
    "has_cashflow_risk",
    "has_off_balance_risk",
    "financial_term_density_vn",
    "financial_term_density_en",
    "round_number_ratio",
    "accounting_code_count",
    "loss_keyword_count",
    "abnormal_profit_signal"
  ],
  "hybrid_scaler_mean": [
    0.5319834500551224,
    4.221778736939324,
    2.2562003936776587,
    6.2121663059163055,
    0.8245818417693417,
    0.0,
    0.019238603678519768,
    0.0,
    0.75,
    0.625,
    0.0,
    0.25,
    0.125,
    0.125,
    0.125,
    0.05228365384615385,
    0.0,
    0.0,
    0.0,
    0.125,
    0.0
  ],
  "hybrid_scaler_scale": [
    0.040428760560108634,
    0.08068202425345027,
    0.21363450657551508,
    1.2033543726904212,
    0.05512466196509166,
    1.0,
    0.0016795938876445428,
    1.0,
    0.6614378277661477,
    0.4841229182759271,
    1.0,
    0.4330127018922193,
    0.33071891388307384,
    0.33071891388307384,
    0.33071891388307384,
    0.07320639072216693,
    1.0,
    1.0,
    1.0,
    0.33071891388307384,
    1.0
  ],
  "hybrid_coefficients": [
    0.3841083266043686,
    0.31155887358407275,
    0.43190744044106466,
    -0.28069820853422284,
    0.10602405313095387,
    0.0,
    -0.3126558442046142,
    0.0,
    0.5490245059393178,
    0.684173571251464,
    0.0,
    -0.1725965563854168,
    0.35293845996487666,
    0.14266603934169705,
    0.09652145473799222,
    0.21498486797390465,
    0.0,
    0.0,
    0.0,
    0.14266603934169705,
    0.0
  ],
  "hybrid_intercept": 0.10644337446111105,
  "hybrid_model_is_ready": true
}