{
  "threshold": 0.5,
  "threshold_metric": "f2",
  "best_val_metrics": {
    "precision": 0.0,
    "recall": 0.0,
    "f1": 0.0,
    "f0_5": 0.0,
    "f2": 0.0,
    "accuracy": 1.0,
    "auc_roc": 0.0,
    "auprc": 0.0,
    "mcc": 0.0
  },
  "gamma": 1.0,
  "hybrid_metadata_enabled": true,
  "hybrid_feature_names": [
    "raw_text_prob",
    "log_char_len",
    "log_token_count",
    "avg_token_len",
    "ocr_quality",
    "digit_ratio",
    "uppercase_ratio",
    "newline_density",
    "red_flag_count",
    "suspicious_segment_count",
    "english_keyword_ratio",
    "has_related_party",
    "has_invoice_risk",
    "has_cashflow_risk",
    "has_off_balance_risk"
  ],
  "hybrid_scaler_mean": [
    0.513272633155187,
    4.213009345220405,
    2.242413883214446,
    6.191221741221741,
    0.8089662652162651,
    0.0,
    0.01947015289004101,
    0.0,
    0.8333333333333334,
    0.6666666666666666,
    0.0,
    0.3333333333333333,
    0.16666666666666666,
    0.0,
    0.16666666666666666
  ],
  "hybrid_scaler_scale": [
    0.0029230319690906254,
    0.08999770054270732,
    0.23819516727934975,
    1.3615380870679172,
    0.0529541692517543,
    1.0,
    0.001841109240629848,
    1.0,
    0.6871842709362768,
    0.4714045207910317,
    1.0,
    0.4714045207910317,
    0.372677996249965,
    1.0,
    0.372677996249965
  ],
  "hybrid_coefficients": [
    0.3163851440235416,
    0.2459046205076797,
    0.3624512137834318,
    -0.22285098257987362,
    0.1695600935417893,
    0.0,
    -0.25383008367369736,
    0.0,
    0.5152558020866368,
    0.6522532593995033,
    0.0,
    -0.19808736844014652,
    0.45133032094708786,
    0.0,
    0.12504239045474674
  ],
  "hybrid_intercept": 0.02546055307082972,
  "hybrid_model_is_ready": true
}