{
  "threshold": 3.863726077374889e-13,
  "threshold_metric": "f2",
  "best_val_metrics": {
    "precision": 0.34185303514376997,
    "recall": 1.0,
    "f1": 0.5095238095238095,
    "f0_5": 0.3936718175128771,
    "f2": 0.7219973009446694,
    "accuracy": 0.3501577287066246,
    "auc_roc": 0.5091677792612372,
    "auprc": 0.33844114769690037,
    "mcc": 0.08069378156767011
  },
  "gamma": 1.0,
  "hybrid_metadata_enabled": true,
  "hybrid_feature_names": [
    "raw_text_prob",
    "log_char_len",
    "log_token_count",
    "avg_token_len",
    "ocr_quality",
    "digit_ratio",
    "uppercase_ratio",
    "newline_density",
    "red_flag_count",
    "suspicious_segment_count",
    "english_keyword_ratio",
    "has_related_party",
    "has_invoice_risk",
    "has_cashflow_risk",
    "has_off_balance_risk"
  ],
  "hybrid_scaler_mean": [
    0.5166402757167816,
    4.221778736939324,
    2.2562003936776587,
    6.2121663059163055,
    0.8245818417693417,
    0.0,
    0.019238603678519768,
    0.0,
    0.75,
    0.625,
    0.0,
    0.25,
    0.125,
    0.125,
    0.125
  ],
  "hybrid_scaler_scale": [
    0.09060594933720506,
    0.08068202425345027,
    0.21363450657551508,
    1.2033543726904212,
    0.05512466196509166,
    1.0,
    0.0016795938876445428,
    1.0,
    0.6614378277661477,
    0.4841229182759271,
    1.0,
    0.4330127018922193,
    0.33071891388307384,
    0.33071891388307384,
    0.33071891388307384
  ],
  "hybrid_coefficients": [
    0.4111834170798967,
    0.3076948753354926,
    0.42212538008997563,
    -0.26519537705072965,
    0.13469587675974776,
    0.0,
    -0.3167191425770252,
    0.0,
    0.5558386565619626,
    0.71189647869889,
    0.0,
    -0.2017874450714406,
    0.38683953587506387,
    0.18295111651351129,
    0.06956757488284938
  ],
  "hybrid_intercept": 0.13673792427111225,
  "hybrid_model_is_ready": true
}