{
  "model": "baseline",
  "dataset": "samples.jsonl",
  "split_info": {
    "train": {
      "total": 2538,
      "fraud": 861,
      "non_fraud": 1677,
      "fraud_ratio": 0.3392
    },
    "val": {
      "total": 317,
      "fraud": 107,
      "non_fraud": 210,
      "fraud_ratio": 0.3375
    },
    "test": {
      "total": 318,
      "fraud": 108,
      "non_fraud": 210,
      "fraud_ratio": 0.3396
    }
  },
  "test_metrics": {
    "precision": 0.905982905982906,
    "recall": 0.9814814814814815,
    "f1": 0.9422222222222222,
    "f0_5": 0.9201388888888888,
    "f2": 0.9653916211293261,
    "accuracy": 0.9591194968553459,
    "auc_roc": 0.995326278659612,
    "auprc": 0.9922373023078802,
    "mcc": 0.9124167994511434,
    "threshold": 0.4102008671556796
  },
  "checkpoint_path": "C:\\Users\\pmphu\\BaoOngThay\\baseline_fraud_checkpoint.pkl",
  "metadata_path": null
}